"","RCA.Skin.5","RCA.Vulva.5","RCA.Vulva.8","RCA.Skin.7","RCA.Vulva.3","RCA.Vulva.7","RCA.Skin.10","RCA.Skin.3","RCA.Vulva.4","RCA.Skin.8","RCA.Vulva.9","RCA.Skin.12","RCA.Skin.1","RCA.Vulva.1","RCA.Vulva.6","RCA.Skin.4","RCA.Skin.6","RCA.Vulva.10","RCA.Vulva.11","RCA.Vulva.12","RCA.Skin.11","RCA.Skin.2","RCA.Vulva.2","RCA.Skin.9","order","family","genus","species","subkingdom","taxonomy","ESPECES"
"Human papillomavirus type 36",60310,0,0,0,0,0,0,0,0,0,0,0,0,0,0,0,0,0,0,0,0,0,43,0,NA,"Papillomaviridae","Betapapillomavirus","Betapapillomavirus 1","Firstpapillomavirinae","Viruses;Papillomaviridae;Firstpapillomavirinae;Betapapillomavirus;Betapapillomavirus 1","Human papillomavirus type 36"
"Human papillomavirus type 8",24679,0,0,330,13408,0,0,0,0,0,0,0,0,0,0,0,0,0,0,0,0,0,0,0,NA,"Papillomaviridae","Betapapillomavirus","Betapapillomavirus 1","Firstpapillomavirinae","Viruses;Papillomaviridae;Firstpapillomavirinae;Betapapillomavirus;Betapapillomavirus 1","Human papillomavirus type 8"
"Human papillomavirus",2511,561,0,548,1212,298,1705,16637,91,3861,218,149,4,5,29,126,141,8,4,0,20,1803,3,1167,NA,"Papillomaviridae",NA,"Human papillomavirus",NA,"Viruses;Papillomaviridae;NA;NA;Human papillomavirus","Human papillomavirus"
"Human papillomavirus 100",1074,0,0,0,0,0,0,0,0,0,0,0,0,0,0,0,0,0,0,0,0,0,0,0,NA,"Papillomaviridae","Betapapillomavirus","Betapapillomavirus 2","Firstpapillomavirinae","Viruses;Papillomaviridae;Firstpapillomavirinae;Betapapillomavirus;Betapapillomavirus 2","Human papillomavirus 100"
"Human papillomavirus 15",536,0,0,0,0,0,0,0,0,0,0,0,0,0,0,0,0,0,0,15,0,0,0,0,NA,"Papillomaviridae","Betapapillomavirus","Betapapillomavirus 2","Firstpapillomavirinae","Viruses;Papillomaviridae;Firstpapillomavirinae;Betapapillomavirus;Betapapillomavirus 2","Human papillomavirus 15"
"Human papillomavirus 107",420,0,0,0,0,0,1254,127,0,0,0,0,0,0,0,0,0,0,0,0,0,0,0,0,NA,"Papillomaviridae","Betapapillomavirus","Betapapillomavirus 2","Firstpapillomavirinae","Viruses;Papillomaviridae;Firstpapillomavirinae;Betapapillomavirus;Betapapillomavirus 2","Human papillomavirus 107"
"Merkel cell polyomavirus",198,0,0,0,0,0,0,1036,0,327,0,11,6,0,0,6,0,0,0,0,7,17,0,29,NA,"Polyomaviridae","Alphapolyomavirus","Human polyomavirus 5",NA,"Viruses;Polyomaviridae;NA;Alphapolyomavirus;Human polyomavirus 5","Merkel cell polyomavirus"
"MW polyomavirus",131,0,0,21,0,0,0,9,0,28,0,27,10,0,0,28,22,0,0,0,0,169,0,0,NA,"Polyomaviridae","Deltapolyomavirus","Human polyomavirus 10",NA,"Viruses;Polyomaviridae;NA;Deltapolyomavirus;Human polyomavirus 10","MW polyomavirus"
"uncultured Papillomavirus",129,0,0,0,0,0,0,0,0,0,0,0,0,0,0,0,0,0,0,0,73,284,0,0,NA,"Papillomaviridae",NA,"uncultured Papillomavirus",NA,"Viruses;Papillomaviridae;NA;NA;uncultured Papillomavirus","uncultured Papillomavirus"
"Gammapapillomavirus 12",93,0,0,0,0,0,0,436,0,0,0,0,0,0,0,0,0,0,0,0,0,0,0,0,NA,"Papillomaviridae","Gammapapillomavirus","Gammapapillomavirus 12","Firstpapillomavirinae","Viruses;Papillomaviridae;Firstpapillomavirinae;Gammapapillomavirus;Gammapapillomavirus 12","Gammapapillomavirus 12"
"Spodoptera frugiperda multiple nucleopolyhedrovirus",83,0,0,0,0,0,0,0,0,0,0,0,0,0,0,0,0,0,0,0,0,0,0,0,NA,"Baculoviridae","Alphabaculovirus","Spodoptera frugiperda multiple nucleopolyhedrovirus",NA,"Viruses;Baculoviridae;NA;Alphabaculovirus;Spodoptera frugiperda multiple nucleopolyhedrovirus","Spodoptera frugiperda multiple nucleopolyhedrovirus"
"Human papillomavirus type 16",68,0,0,55,0,0,398,10,0,0,0,0,0,0,0,191,0,0,0,0,34,4,0,0,NA,"Papillomaviridae","Alphapapillomavirus","Alphapapillomavirus 9","Firstpapillomavirinae","Viruses;Papillomaviridae;Firstpapillomavirinae;Alphapapillomavirus;Alphapapillomavirus 9","Human papillomavirus type 16"
"LI polyomavirus",63,0,0,10,0,0,0,215,0,21,0,6,0,0,0,37,14,0,0,0,6,230,0,7,NA,"Polyomaviridae",NA,"LI polyomavirus",NA,"Viruses;Polyomaviridae;NA;NA;LI polyomavirus","LI polyomavirus"
"Suid alphaherpesvirus 1",28,0,0,7,0,0,0,0,0,0,0,0,0,0,0,3,3,0,0,0,34,0,0,0,"Herpesvirales","Herpesviridae","Varicellovirus","Suid alphaherpesvirus 1","Alphaherpesvirinae","Viruses;Herpesviridae;Alphaherpesvirinae;Varicellovirus;Suid alphaherpesvirus 1","Suid alphaherpesvirus 1"
"Betapapillomavirus 2",25,0,0,0,0,0,0,2195,0,0,0,0,0,0,0,55,0,2,0,0,0,0,0,12515,NA,"Papillomaviridae","Betapapillomavirus","Betapapillomavirus 2","Firstpapillomavirinae","Viruses;Papillomaviridae;Firstpapillomavirinae;Betapapillomavirus;Betapapillomavirus 2","Betapapillomavirus 2"
"Human papillomavirus type 49",17,0,0,0,0,0,2,0,0,0,0,0,0,0,0,0,0,0,0,0,4,21,0,0,NA,"Papillomaviridae","Betapapillomavirus","Betapapillomavirus 3","Firstpapillomavirinae","Viruses;Papillomaviridae;Firstpapillomavirinae;Betapapillomavirus;Betapapillomavirus 3","Human papillomavirus type 49"
"Human papillomavirus type 182",9,0,0,0,0,0,0,0,0,0,0,0,0,0,0,0,0,0,0,0,0,0,0,0,NA,"Papillomaviridae","Betapapillomavirus","Betapapillomavirus 2","Firstpapillomavirinae","Viruses;Papillomaviridae;Firstpapillomavirinae;Betapapillomavirus;Betapapillomavirus 2","Human papillomavirus type 182"
"Human papillomavirus 37",6,0,0,0,0,0,63,0,0,0,0,0,0,0,0,94,0,0,0,0,0,0,0,0,NA,"Papillomaviridae","Betapapillomavirus","Betapapillomavirus 2","Firstpapillomavirinae","Viruses;Papillomaviridae;Firstpapillomavirinae;Betapapillomavirus;Betapapillomavirus 2","Human papillomavirus 37"
"Human polyomavirus 5",6,0,0,0,0,0,0,13,0,0,0,0,0,0,0,0,0,0,0,0,0,0,0,2,NA,"Polyomaviridae","Alphapolyomavirus","Human polyomavirus 5",NA,"Viruses;Polyomaviridae;NA;Alphapolyomavirus;Human polyomavirus 5","Human polyomavirus 5"
"Human papillomavirus 38",6,0,0,0,0,0,0,0,0,0,0,0,0,0,0,0,0,0,0,0,0,0,0,0,NA,"Papillomaviridae","Betapapillomavirus","Betapapillomavirus 2","Firstpapillomavirinae","Viruses;Papillomaviridae;Firstpapillomavirinae;Betapapillomavirus;Betapapillomavirus 2","Human papillomavirus 38"
"Epstein-Barr virus",5,2,0,0,0,0,0,0,0,6,0,0,0,0,0,0,5,0,0,0,0,27,0,0,"Herpesvirales","Herpesviridae","Lymphocryptovirus","Human gammaherpesvirus 4","Gammaherpesvirinae","Viruses;Herpesviridae;Gammaherpesvirinae;Lymphocryptovirus;Human gammaherpesvirus 4","Epstein-Barr virus"
"Human papillomavirus 148",5,0,0,0,0,0,0,0,0,0,0,0,0,0,0,0,0,0,0,0,0,0,0,0,NA,"Papillomaviridae","Gammapapillomavirus","Gammapapillomavirus 12","Firstpapillomavirinae","Viruses;Papillomaviridae;Firstpapillomavirinae;Gammapapillomavirus;Gammapapillomavirus 12","Human papillomavirus 148"
"Human papillomavirus 157",5,0,0,0,0,0,0,0,0,0,0,0,0,0,0,0,0,0,0,0,0,0,0,0,NA,"Papillomaviridae","Gammapapillomavirus","Gammapapillomavirus 1","Firstpapillomavirinae","Viruses;Papillomaviridae;Firstpapillomavirinae;Gammapapillomavirus;Gammapapillomavirus 1","Human papillomavirus 157"
"Moloney murine leukemia virus",3,0,0,0,0,0,0,0,0,0,0,0,0,0,0,0,0,0,0,0,0,0,0,0,"Ortervirales","Retroviridae","Gammaretrovirus","Murine leukemia virus","Orthoretrovirinae","Viruses;Retroviridae;Orthoretrovirinae;Gammaretrovirus;Murine leukemia virus","Moloney murine leukemia virus"
"Human papillomavirus 105",2,0,0,0,0,0,577,0,0,0,0,0,0,0,0,0,0,0,0,0,0,0,0,0,NA,"Papillomaviridae","Betapapillomavirus","Betapapillomavirus 1","Firstpapillomavirinae","Viruses;Papillomaviridae;Firstpapillomavirinae;Betapapillomavirus;Betapapillomavirus 1","Human papillomavirus 105"
"Papillomavirus JL74",2,0,0,0,0,0,0,2,0,0,0,0,27,0,0,0,0,0,0,0,4,57,0,0,NA,"Papillomaviridae","Gammapapillomavirus","Gammapapillomavirus 13","Firstpapillomavirinae","Viruses;Papillomaviridae;Firstpapillomavirinae;Gammapapillomavirus;Gammapapillomavirus 13","Papillomavirus JL74"
"Human papillomavirus 120",2,0,0,0,0,0,0,0,0,0,0,0,0,0,0,4,0,0,0,0,0,0,0,0,NA,"Papillomaviridae","Betapapillomavirus","Betapapillomavirus 2","Firstpapillomavirinae","Viruses;Papillomaviridae;Firstpapillomavirinae;Betapapillomavirus;Betapapillomavirus 2","Human papillomavirus 120"
"Spodoptera frugiperda granulovirus",2,0,0,0,0,0,0,0,0,0,0,0,0,0,0,0,0,0,0,0,0,0,0,0,NA,"Baculoviridae","Betabaculovirus","Spodoptera frugiperda granulovirus",NA,"Viruses;Baculoviridae;NA;Betabaculovirus;Spodoptera frugiperda granulovirus","Spodoptera frugiperda granulovirus"
"Human polyomavirus 6",0,0,0,94,980,0,0,0,0,22,0,0,0,0,0,3631,0,0,0,0,16,0,0,46,NA,"Polyomaviridae","Deltapolyomavirus","Human polyomavirus 6",NA,"Viruses;Polyomaviridae;NA;Deltapolyomavirus;Human polyomavirus 6","Human polyomavirus 6"
"Canine feces-associated gemycircularvirus",0,0,0,17,0,0,0,0,0,0,0,0,0,0,0,0,0,0,0,0,0,0,0,0,NA,"Genomoviridae","Gemycircularvirus","Canine feces-associated gemycircularvirus",NA,"Viruses;Genomoviridae;NA;Gemycircularvirus;Canine feces-associated gemycircularvirus","Canine feces-associated gemycircularvirus"
"Human papillomavirus 5",0,0,0,6,0,0,0,0,372,0,0,0,0,0,0,0,0,0,0,0,0,0,0,0,NA,"Papillomaviridae","Betapapillomavirus","Betapapillomavirus 1","Firstpapillomavirinae","Viruses;Papillomaviridae;Firstpapillomavirinae;Betapapillomavirus;Betapapillomavirus 1","Human papillomavirus 5"
"Human papillomavirus type 20",0,0,0,4,0,0,2,0,0,0,0,0,0,0,0,0,0,0,0,0,51,0,0,0,NA,"Papillomaviridae","Betapapillomavirus","Betapapillomavirus 1","Firstpapillomavirinae","Viruses;Papillomaviridae;Firstpapillomavirinae;Betapapillomavirus;Betapapillomavirus 1","Human papillomavirus type 20"
"Cat associated lyon-IARC polyomavirus",0,0,0,4,0,0,0,19,0,0,0,0,0,0,0,4,0,0,0,0,0,9,0,0,NA,"Polyomaviridae",NA,"Cat associated lyon-IARC polyomavirus",NA,"Viruses;Polyomaviridae;NA;NA;Cat associated lyon-IARC polyomavirus","Cat associated lyon-IARC polyomavirus"
"uncultured Caudovirales phage",0,0,0,2,0,0,0,0,0,0,0,0,0,0,0,0,0,0,0,0,0,0,2,0,"Caudovirales",NA,NA,"uncultured Caudovirales phage",NA,"Viruses;NA;NA;NA;uncultured Caudovirales phage","uncultured Caudovirales phage"
"Gammapapillomavirus 24",0,0,0,0,0,0,363,0,0,201,0,0,0,0,0,0,0,0,0,0,10,0,0,0,NA,"Papillomaviridae","Gammapapillomavirus","Gammapapillomavirus 24","Firstpapillomavirinae","Viruses;Papillomaviridae;Firstpapillomavirinae;Gammapapillomavirus;Gammapapillomavirus 24","Gammapapillomavirus 24"
"Human papillomavirus type 24",0,0,0,0,0,0,230,0,0,0,0,413,0,7,2015,0,0,0,0,0,0,0,0,935,NA,"Papillomaviridae","Betapapillomavirus","Betapapillomavirus 1","Firstpapillomavirinae","Viruses;Papillomaviridae;Firstpapillomavirinae;Betapapillomavirus;Betapapillomavirus 1","Human papillomavirus type 24"
"Gammapapillomavirus 9",0,0,0,0,0,0,123,197,0,0,0,0,0,0,0,0,0,0,0,0,0,0,0,0,NA,"Papillomaviridae","Gammapapillomavirus","Gammapapillomavirus 9","Firstpapillomavirinae","Viruses;Papillomaviridae;Firstpapillomavirinae;Gammapapillomavirus;Gammapapillomavirus 9","Gammapapillomavirus 9"
"Propionibacterium phage PAC1",0,0,0,0,0,0,100,0,0,0,0,0,0,0,0,0,0,0,0,0,0,0,0,0,"Caudovirales","Siphoviridae","Pahexavirus","Propionibacterium phage PAC1",NA,"Viruses;Siphoviridae;NA;Pahexavirus;Propionibacterium phage PAC1","Propionibacterium phage PAC1"
"Thrips-associated genomovirus 2",0,0,0,0,0,0,83,0,0,0,0,0,0,0,0,0,0,0,0,0,0,0,0,65,NA,"Genomoviridae",NA,"Thrips-associated genomovirus 2",NA,"Viruses;Genomoviridae;NA;NA;Thrips-associated genomovirus 2","Thrips-associated genomovirus 2"
"Human papillomavirus 192",0,0,0,0,0,0,68,0,0,0,0,0,0,0,0,0,0,0,0,0,0,0,0,0,NA,"Papillomaviridae","Gammapapillomavirus","Gammapapillomavirus 15","Firstpapillomavirinae","Viruses;Papillomaviridae;Firstpapillomavirinae;Gammapapillomavirus;Gammapapillomavirus 15","Human papillomavirus 192"
"Betapapillomavirus 1",0,0,0,0,0,0,56,0,0,0,0,0,0,0,0,0,0,0,0,0,0,0,0,0,NA,"Papillomaviridae","Betapapillomavirus","Betapapillomavirus 1","Firstpapillomavirinae","Viruses;Papillomaviridae;Firstpapillomavirinae;Betapapillomavirus;Betapapillomavirus 1","Betapapillomavirus 1"
"Propionibacterium phage PHL009M11",0,0,0,0,0,0,46,0,0,0,0,0,0,0,0,0,0,0,0,0,0,0,0,0,"Caudovirales","Siphoviridae","Pahexavirus","Propionibacterium virus PHL009M11",NA,"Viruses;Siphoviridae;NA;Pahexavirus;Propionibacterium virus PHL009M11","Propionibacterium phage PHL009M11"
"Circular genetic element sp.",0,0,0,0,0,0,44,2,0,2,0,85,0,0,0,0,14,0,0,0,4,0,0,13,NA,NA,NA,"Circular genetic element sp.",NA,"Viruses;NA;NA;NA;Circular genetic element sp.","Circular genetic element sp."
"Sida golden mottle virus",0,0,0,0,0,0,42,0,0,0,0,0,0,0,0,0,0,0,0,0,0,0,0,0,NA,"Geminiviridae","Begomovirus","Sida golden mottle virus",NA,"Viruses;Geminiviridae;NA;Begomovirus;Sida golden mottle virus","Sida golden mottle virus"
"Propionibacterium phage P105",0,0,0,0,0,0,39,0,0,0,0,0,0,0,0,0,0,0,0,0,0,0,0,0,"Caudovirales","Siphoviridae","Pahexavirus","Propionibacterium virus P105",NA,"Viruses;Siphoviridae;NA;Pahexavirus;Propionibacterium virus P105","Propionibacterium phage P105"
"Propionibacterium phage PHL025M00",0,0,0,0,0,0,33,0,0,0,0,0,0,0,0,0,0,0,0,0,0,0,0,0,"Caudovirales","Siphoviridae","Pahexavirus","Propionibacterium virus PHL025M00",NA,"Viruses;Siphoviridae;NA;Pahexavirus;Propionibacterium virus PHL025M00","Propionibacterium phage PHL025M00"
"Propionibacterium phage PHL082M03",0,0,0,0,0,0,31,0,0,0,0,0,0,0,0,0,0,0,0,0,0,0,0,0,"Caudovirales","Siphoviridae","Pahexavirus","Propionibacterium virus PHL082M03",NA,"Viruses;Siphoviridae;NA;Pahexavirus;Propionibacterium virus PHL082M03","Propionibacterium phage PHL082M03"
"Human papillomavirus type 196",0,0,0,0,0,0,29,0,0,0,0,0,0,0,0,0,0,0,0,0,0,0,0,0,NA,"Papillomaviridae","Betapapillomavirus","Betapapillomavirus 1","Firstpapillomavirinae","Viruses;Papillomaviridae;Firstpapillomavirinae;Betapapillomavirus;Betapapillomavirus 1","Human papillomavirus type 196"
"Propionibacterium phage MEAK",0,0,0,0,0,0,25,0,0,0,0,0,0,0,0,0,0,0,0,0,0,0,0,0,"Caudovirales","Siphoviridae","Pahexavirus","Propionibacterium phage MEAK",NA,"Viruses;Siphoviridae;NA;Pahexavirus;Propionibacterium phage MEAK","Propionibacterium phage MEAK"
"Propionibacterium phage Attacne",0,0,0,0,0,0,23,0,0,0,0,0,0,0,0,0,0,0,0,0,0,0,0,0,"Caudovirales","Siphoviridae","Pahexavirus","Propionibacterium virus Attacne",NA,"Viruses;Siphoviridae;NA;Pahexavirus;Propionibacterium virus Attacne","Propionibacterium phage Attacne"
"Propionibacterium phage P101A",0,0,0,0,0,0,22,0,0,0,0,0,0,0,0,0,0,0,0,0,0,0,0,0,"Caudovirales","Siphoviridae","Pahexavirus","Propionibacterium virus P101A",NA,"Viruses;Siphoviridae;NA;Pahexavirus;Propionibacterium virus P101A","Propionibacterium phage P101A"
"Propionibacterium phage PA1-14",0,0,0,0,0,0,21,0,0,0,0,0,0,0,0,0,0,0,0,0,0,0,0,0,"Caudovirales","Siphoviridae","Pahexavirus","Propionibacterium phage PA1-14",NA,"Viruses;Siphoviridae;NA;Pahexavirus;Propionibacterium phage PA1-14","Propionibacterium phage PA1-14"
"Propionibacterium phage pa615",0,0,0,0,0,0,21,0,0,0,0,0,0,0,0,0,0,0,0,0,0,0,0,0,"Caudovirales","Siphoviridae","Pahexavirus","Propionibacterium phage pa615",NA,"Viruses;Siphoviridae;NA;Pahexavirus;Propionibacterium phage pa615","Propionibacterium phage pa615"
"Propionibacterium phage pa9-6919-4",0,0,0,0,0,0,19,0,0,0,0,0,0,0,0,0,0,0,0,0,0,0,0,0,"Caudovirales","Siphoviridae","Pahexavirus","Propionibacterium phage pa9-6919-4",NA,"Viruses;Siphoviridae;NA;Pahexavirus;Propionibacterium phage pa9-6919-4","Propionibacterium phage pa9-6919-4"
"Propionibacterium phage P100D",0,0,0,0,0,0,18,0,0,0,0,0,0,0,0,0,0,0,0,0,0,0,0,0,"Caudovirales","Siphoviridae","Pahexavirus","Propionibacterium virus P100D",NA,"Viruses;Siphoviridae;NA;Pahexavirus;Propionibacterium virus P100D","Propionibacterium phage P100D"
"Propionibacterium phage SKKY",0,0,0,0,0,0,18,0,0,0,0,0,0,0,0,0,0,0,0,0,0,0,0,0,"Caudovirales","Siphoviridae","Pahexavirus","Propionibacterium virus SKKY",NA,"Viruses;Siphoviridae;NA;Pahexavirus;Propionibacterium virus SKKY","Propionibacterium phage SKKY"
"Propionibacterium phage pa29399-1-D_2",0,0,0,0,0,0,17,0,0,0,0,0,0,0,0,0,0,0,0,0,0,0,0,0,"Caudovirales","Siphoviridae","Pahexavirus","Propionibacterium phage pa29399-1-D_2",NA,"Viruses;Siphoviridae;NA;Pahexavirus;Propionibacterium phage pa29399-1-D_2","Propionibacterium phage pa29399-1-D_2"
"Propionibacterium phage PHL141N00",0,0,0,0,0,0,16,0,0,0,0,0,0,0,0,0,0,0,0,0,0,0,0,0,"Caudovirales","Siphoviridae","Pahexavirus","Propionibacterium virus PHL141N00",NA,"Viruses;Siphoviridae;NA;Pahexavirus;Propionibacterium virus PHL141N00","Propionibacterium phage PHL141N00"
"Propionibacterium phage PHL194M00",0,0,0,0,0,0,16,0,0,0,0,0,0,0,0,0,0,0,0,0,0,0,0,0,"Caudovirales","Siphoviridae","Pahexavirus","Propionibacterium virus PHL194M00",NA,"Viruses;Siphoviridae;NA;Pahexavirus;Propionibacterium virus PHL194M00","Propionibacterium phage PHL194M00"
"Propionibacterium phage pa33",0,0,0,0,0,0,15,0,0,0,0,0,0,0,0,0,0,0,0,0,0,0,0,0,"Caudovirales","Siphoviridae","Pahexavirus","Propionibacterium phage pa33",NA,"Viruses;Siphoviridae;NA;Pahexavirus;Propionibacterium phage pa33","Propionibacterium phage pa33"
"Moloney murine sarcoma virus",0,0,0,0,0,0,14,0,0,0,0,0,15,0,0,12,0,0,0,0,0,0,0,0,"Ortervirales","Retroviridae","Gammaretrovirus","Moloney murine sarcoma virus","Orthoretrovirinae","Viruses;Retroviridae;Orthoretrovirinae;Gammaretrovirus;Moloney murine sarcoma virus","Moloney murine sarcoma virus"
"Propionibacterium phage PHL132N00",0,0,0,0,0,0,14,0,0,0,0,0,0,0,0,0,0,0,0,0,0,0,0,0,"Caudovirales","Siphoviridae","Pahexavirus","Propionibacterium virus PHL132N00",NA,"Viruses;Siphoviridae;NA;Pahexavirus;Propionibacterium virus PHL132N00","Propionibacterium phage PHL132N00"
"Propionibacterium phage BruceLethal",0,0,0,0,0,0,13,0,0,0,0,0,0,0,0,0,0,0,0,0,0,0,0,0,"Caudovirales","Siphoviridae","Pahexavirus","Propionibacterium virus PHL113M01",NA,"Viruses;Siphoviridae;NA;Pahexavirus;Propionibacterium virus PHL113M01","Propionibacterium phage BruceLethal"
"Propionibacterium phage PHL113M01",0,0,0,0,0,0,13,0,0,0,0,0,0,0,0,0,0,0,0,0,0,0,0,0,"Caudovirales","Siphoviridae","Pahexavirus","Propionibacterium phage BruceLethal",NA,"Viruses;Siphoviridae;NA;Pahexavirus;Propionibacterium phage BruceLethal","Propionibacterium phage PHL113M01"
"Propionibacterium phage PHL179M00",0,0,0,0,0,0,12,0,0,0,0,0,0,0,0,0,0,0,0,0,0,0,0,0,"Caudovirales","Siphoviridae","Pahexavirus","Propionibacterium virus PHL179M00",NA,"Viruses;Siphoviridae;NA;Pahexavirus;Propionibacterium virus PHL179M00","Propionibacterium phage PHL179M00"
"Propionibacterium phage pa63",0,0,0,0,0,0,11,0,0,0,0,0,0,0,0,0,0,0,0,0,0,0,0,0,"Caudovirales","Siphoviridae","Pahexavirus","Propionibacterium virus PHL092M00",NA,"Viruses;Siphoviridae;NA;Pahexavirus;Propionibacterium virus PHL092M00","Propionibacterium phage pa63"
"Propionibacterium phage PHL092M00",0,0,0,0,0,0,11,0,0,0,0,0,0,0,0,0,0,0,0,0,0,0,0,0,"Caudovirales","Siphoviridae","Pahexavirus","Propionibacterium virus Stormborn",NA,"Viruses;Siphoviridae;NA;Pahexavirus;Propionibacterium virus Stormborn","Propionibacterium phage PHL092M00"
"Propionibacterium phage Stormborn",0,0,0,0,0,0,11,0,0,0,0,0,0,0,0,0,0,0,0,0,0,0,0,0,"Caudovirales","Siphoviridae","Pahexavirus","Propionibacterium phage pa63",NA,"Viruses;Siphoviridae;NA;Pahexavirus;Propionibacterium phage pa63","Propionibacterium phage Stormborn"
"Propionibacterium phage P9.1",0,0,0,0,0,0,10,0,0,0,0,0,0,0,0,0,0,0,0,0,0,0,0,0,"Caudovirales","Siphoviridae","Pahexavirus","Propionibacterium virus P91",NA,"Viruses;Siphoviridae;NA;Pahexavirus;Propionibacterium virus P91","Propionibacterium phage P9.1"
"Human papillomavirus type 75",0,0,0,0,0,0,9,10,0,4,0,0,0,0,0,0,0,8,0,0,0,0,0,0,NA,"Papillomaviridae","Betapapillomavirus","Betapapillomavirus 3","Firstpapillomavirinae","Viruses;Papillomaviridae;Firstpapillomavirinae;Betapapillomavirus;Betapapillomavirus 3","Human papillomavirus type 75"
"Propionibacterium phage Aquarius",0,0,0,0,0,0,9,0,0,0,0,0,0,0,0,0,0,0,0,0,0,0,0,0,"Caudovirales","Siphoviridae","Pahexavirus","Propionibacterium virus PHL060L00",NA,"Viruses;Siphoviridae;NA;Pahexavirus;Propionibacterium virus PHL060L00","Propionibacterium phage Aquarius"
"Propionibacterium phage DrParker",0,0,0,0,0,0,9,0,0,0,0,0,0,0,0,0,0,0,0,0,0,0,0,0,"Caudovirales","Siphoviridae","Pahexavirus","Propionibacterium virus PHL041M10",NA,"Viruses;Siphoviridae;NA;Pahexavirus;Propionibacterium virus PHL041M10","Propionibacterium phage DrParker"
"Propionibacterium phage PHL041M10",0,0,0,0,0,0,9,0,0,0,0,0,0,0,0,0,0,0,0,0,0,0,0,0,"Caudovirales","Siphoviridae","Pahexavirus","Propionibacterium phage Aquarius",NA,"Viruses;Siphoviridae;NA;Pahexavirus;Propionibacterium phage Aquarius","Propionibacterium phage PHL041M10"
"Propionibacterium phage PHL060L00",0,0,0,0,0,0,9,0,0,0,0,0,0,0,0,0,0,0,0,0,0,0,0,0,"Caudovirales","Siphoviridae","Pahexavirus","Propionibacterium phage DrParker",NA,"Viruses;Siphoviridae;NA;Pahexavirus;Propionibacterium phage DrParker","Propionibacterium phage PHL060L00"
"Capybara genomovirus 9",0,0,0,0,0,0,8,0,0,0,0,0,0,0,0,0,0,0,0,0,0,0,0,0,"Caudovirales","Siphoviridae","Pahexavirus","Propionibacterium virus PHL037M02",NA,"Viruses;Siphoviridae;NA;Pahexavirus;Propionibacterium virus PHL037M02","Capybara genomovirus 9"
"Propionibacterium phage Kubed",0,0,0,0,0,0,8,0,0,0,0,0,0,0,0,0,0,0,0,0,0,0,0,0,"Caudovirales","Siphoviridae","Pahexavirus","Propionibacterium virus PHL071N05",NA,"Viruses;Siphoviridae;NA;Pahexavirus;Propionibacterium virus PHL071N05","Propionibacterium phage Kubed"
"Propionibacterium phage Leviosa",0,0,0,0,0,0,8,0,0,0,0,0,0,0,0,0,0,0,0,0,0,0,0,0,"Caudovirales","Siphoviridae","Pahexavirus","Propionibacterium virus Kubed",NA,"Viruses;Siphoviridae;NA;Pahexavirus;Propionibacterium virus Kubed","Propionibacterium phage Leviosa"
"Propionibacterium phage PHL037M02",0,0,0,0,0,0,8,0,0,0,0,0,0,0,0,0,0,0,0,0,0,0,0,0,"Caudovirales","Siphoviridae","Pahexavirus","Propionibacterium virus Pirate",NA,"Viruses;Siphoviridae;NA;Pahexavirus;Propionibacterium virus Pirate","Propionibacterium phage PHL037M02"
"Propionibacterium phage PHL071N05",0,0,0,0,0,0,8,0,0,0,0,0,0,0,0,0,0,0,0,0,0,0,0,0,"Caudovirales","Siphoviridae","Pahexavirus","Propionibacterium phage Leviosa",NA,"Viruses;Siphoviridae;NA;Pahexavirus;Propionibacterium phage Leviosa","Propionibacterium phage PHL071N05"
"Propionibacterium phage Pirate",0,0,0,0,0,0,8,0,0,0,0,0,0,0,0,0,0,0,0,0,0,0,0,0,NA,"Genomoviridae",NA,"Capybara genomovirus 9",NA,"Viruses;Genomoviridae;NA;NA;Capybara genomovirus 9","Propionibacterium phage Pirate"
"Human papillomavirus 193",0,0,0,0,0,0,7,0,0,0,0,0,0,0,0,0,0,0,0,0,0,0,0,0,"Caudovirales","Siphoviridae","Pahexavirus","Propionibacterium phage PHL116M10",NA,"Viruses;Siphoviridae;NA;Pahexavirus;Propionibacterium phage PHL116M10","Human papillomavirus 193"
"Propionibacterium phage Enoki",0,0,0,0,0,0,7,0,0,0,0,0,0,0,0,0,0,0,0,0,0,0,0,0,"Caudovirales","Siphoviridae","Pahexavirus","Propionibacterium phage Enoki",NA,"Viruses;Siphoviridae;NA;Pahexavirus;Propionibacterium phage Enoki","Propionibacterium phage Enoki"
"Propionibacterium phage MrAK",0,0,0,0,0,0,7,0,0,0,0,0,0,0,0,0,0,0,0,0,0,0,0,0,"Caudovirales","Siphoviridae","Pahexavirus","Propionibacterium virus MrAK",NA,"Viruses;Siphoviridae;NA;Pahexavirus;Propionibacterium virus MrAK","Propionibacterium phage MrAK"
"Propionibacterium phage pa27",0,0,0,0,0,0,7,0,0,0,0,0,0,0,0,0,0,0,0,0,0,0,0,0,NA,"Papillomaviridae","Gammapapillomavirus","Gammapapillomavirus 7","Firstpapillomavirinae","Viruses;Papillomaviridae;Firstpapillomavirinae;Gammapapillomavirus;Gammapapillomavirus 7","Propionibacterium phage pa27"
"Propionibacterium phage PHL116M10",0,0,0,0,0,0,7,0,0,0,0,0,0,0,0,0,0,0,0,0,0,0,0,0,"Caudovirales","Siphoviridae","Pahexavirus","Propionibacterium phage pa27",NA,"Viruses;Siphoviridae;NA;Pahexavirus;Propionibacterium phage pa27","Propionibacterium phage PHL116M10"
"CRESS virus sp.",0,0,0,0,0,0,6,0,0,0,0,0,0,0,0,83,0,0,0,0,0,0,0,0,NA,NA,NA,"CRESS virus sp.",NA,"Viruses;NA;NA;NA;CRESS virus sp.","CRESS virus sp."
"Propionibacterium phage pa28",0,0,0,0,0,0,6,0,0,0,0,0,0,0,0,0,0,0,0,0,0,0,0,0,NA,"Geminiviridae","Begomovirus","Sida golden mosaic Buckup virus",NA,"Viruses;Geminiviridae;NA;Begomovirus;Sida golden mosaic Buckup virus","Propionibacterium phage pa28"
"Propionibacterium phage pa35",0,0,0,0,0,0,6,0,0,0,0,0,0,0,0,0,0,0,0,0,0,0,0,0,"Caudovirales","Siphoviridae","Pahexavirus","Propionibacterium virus Wizzo",NA,"Viruses;Siphoviridae;NA;Pahexavirus;Propionibacterium virus Wizzo","Propionibacterium phage pa35"
"Propionibacterium phage Wizzo",0,0,0,0,0,0,6,0,0,0,0,0,0,0,0,0,0,0,0,0,0,0,0,0,"Caudovirales","Siphoviridae","Pahexavirus","Propionibacterium phage pa28",NA,"Viruses;Siphoviridae;NA;Pahexavirus;Propionibacterium phage pa28","Propionibacterium phage Wizzo"
"Sida golden mosaic Buckup virus",0,0,0,0,0,0,6,0,0,0,0,0,0,0,0,0,0,0,0,0,0,0,0,0,"Caudovirales","Siphoviridae","Pahexavirus","Propionibacterium phage pa35",NA,"Viruses;Siphoviridae;NA;Pahexavirus;Propionibacterium phage pa35","Sida golden mosaic Buckup virus"
"Propionibacterium phage PHL067M01",0,0,0,0,0,0,5,0,0,0,0,0,0,0,0,0,0,0,0,0,0,0,0,0,"Caudovirales","Siphoviridae","Pahexavirus","Propionibacterium virus PHL067M01",NA,"Viruses;Siphoviridae;NA;Pahexavirus;Propionibacterium virus PHL067M01","Propionibacterium phage PHL067M01"
"Propionibacterium phage PHL117M01",0,0,0,0,0,0,5,0,0,0,0,0,0,0,0,0,0,0,0,0,0,0,0,0,"Caudovirales","Siphoviridae","Pahexavirus","Propionibacterium virus PHL117M01",NA,"Viruses;Siphoviridae;NA;Pahexavirus;Propionibacterium virus PHL117M01","Propionibacterium phage PHL117M01"
"Human papillomavirus type 76",0,0,0,0,0,0,4,21,0,2211,0,0,0,0,0,0,0,0,0,0,0,126,0,0,NA,"Papillomaviridae","Betapapillomavirus","Betapapillomavirus 3","Firstpapillomavirinae","Viruses;Papillomaviridae;Firstpapillomavirinae;Betapapillomavirus;Betapapillomavirus 3","Human papillomavirus type 76"
"Human papillomavirus 145",0,0,0,0,0,86,4,0,0,0,50,0,0,0,0,0,0,0,0,0,0,0,0,0,NA,"Papillomaviridae","Betapapillomavirus","Betapapillomavirus 2","Firstpapillomavirinae","Viruses;Papillomaviridae;Firstpapillomavirinae;Betapapillomavirus;Betapapillomavirus 2","Human papillomavirus 145"
"Propionibacterium phage ATCC29399B_C",0,0,0,0,0,0,4,0,0,0,0,0,0,0,0,0,0,0,0,0,0,0,0,0,"Caudovirales","Siphoviridae","Pahexavirus","Propionibacterium virus ATCC29399BC",NA,"Viruses;Siphoviridae;NA;Pahexavirus;Propionibacterium virus ATCC29399BC","Propionibacterium phage ATCC29399B_C"
"Propionibacterium phage Keiki",0,0,0,0,0,0,4,0,0,0,0,0,0,0,0,0,0,0,0,0,0,0,0,0,"Caudovirales","Siphoviridae","Pahexavirus","Propionibacterium virus PHL070N00",NA,"Viruses;Siphoviridae;NA;Pahexavirus;Propionibacterium virus PHL070N00","Propionibacterium phage Keiki"
"Propionibacterium phage PacnesP1",0,0,0,0,0,0,4,0,0,0,0,0,0,0,0,0,0,0,0,0,0,0,0,0,"Caudovirales","Siphoviridae","Pahexavirus","Propionibacterium virus Keiki",NA,"Viruses;Siphoviridae;NA;Pahexavirus;Propionibacterium virus Keiki","Propionibacterium phage PacnesP1"
"Propionibacterium phage PHL070N00",0,0,0,0,0,0,4,0,0,0,0,0,0,0,0,0,0,0,0,0,0,0,0,0,"Caudovirales","Siphoviridae","Pahexavirus","Propionibacterium phage PacnesP1",NA,"Viruses;Siphoviridae;NA;Pahexavirus;Propionibacterium phage PacnesP1","Propionibacterium phage PHL070N00"
"Propionibacterium phage LilBandit",0,0,0,0,0,0,3,0,0,0,0,0,0,0,0,0,0,0,0,0,0,0,0,0,"Caudovirales","Siphoviridae","Pahexavirus","Propionibacterium virus PA6",NA,"Viruses;Siphoviridae;NA;Pahexavirus;Propionibacterium virus PA6","Propionibacterium phage LilBandit"
"Propionibacterium phage PA6",0,0,0,0,0,0,3,0,0,0,0,0,0,0,0,0,0,0,0,0,0,0,0,0,"Caudovirales","Siphoviridae","Pahexavirus","Propionibacterium virus PHL111M01",NA,"Viruses;Siphoviridae;NA;Pahexavirus;Propionibacterium virus PHL111M01","Propionibacterium phage PA6"
"Propionibacterium phage PHL111M01",0,0,0,0,0,0,3,0,0,0,0,0,0,0,0,0,0,0,0,0,0,0,0,0,"Caudovirales","Siphoviridae","Pahexavirus","Propionibacterium virus PHL112N00",NA,"Viruses;Siphoviridae;NA;Pahexavirus;Propionibacterium virus PHL112N00","Propionibacterium phage PHL111M01"
"Propionibacterium phage PHL112N00",0,0,0,0,0,0,3,0,0,0,0,0,0,0,0,0,0,0,0,0,0,0,0,0,"Caudovirales","Siphoviridae","Pahexavirus","Propionibacterium phage LilBandit",NA,"Viruses;Siphoviridae;NA;Pahexavirus;Propionibacterium phage LilBandit","Propionibacterium phage PHL112N00"
"Propionibacterium phage Supernova",0,0,0,0,0,0,3,0,0,0,0,0,0,0,0,0,0,0,0,0,0,0,0,0,"Caudovirales","Siphoviridae","Pahexavirus","Propionibacterium phage Supernova",NA,"Viruses;Siphoviridae;NA;Pahexavirus;Propionibacterium phage Supernova","Propionibacterium phage Supernova"
"uncultured virus",0,4,0,0,4,0,2,191,0,0,0,2,0,0,0,27,281,0,0,0,0,0,0,0,NA,NA,NA,"uncultured virus",NA,"Viruses;NA;NA;NA;uncultured virus","uncultured virus"
"Human papillomavirus type 115",0,0,0,0,0,0,2,0,0,0,0,0,0,0,0,0,0,0,0,0,0,538,0,0,NA,"Papillomaviridae","Betapapillomavirus","Betapapillomavirus 3","Firstpapillomavirinae","Viruses;Papillomaviridae;Firstpapillomavirinae;Betapapillomavirus;Betapapillomavirus 3","Human papillomavirus type 115"
"Human papillomavirus 159",0,0,0,0,0,0,2,0,0,0,0,0,0,0,0,0,0,0,0,0,0,28,0,0,NA,"Papillomaviridae","Betapapillomavirus","Betapapillomavirus 2","Firstpapillomavirinae","Viruses;Papillomaviridae;Firstpapillomavirinae;Betapapillomavirus;Betapapillomavirus 2","Human papillomavirus 159"
"Propionibacterium phage P104A",0,0,0,0,0,0,2,0,0,0,0,0,0,0,0,0,0,0,0,0,0,0,0,0,"Caudovirales","Siphoviridae","Pahexavirus","Propionibacterium virus PAD20",NA,"Viruses;Siphoviridae;NA;Pahexavirus;Propionibacterium virus PAD20","Propionibacterium phage P104A"
"Propionibacterium phage PAD20",0,0,0,0,0,0,2,0,0,0,0,0,0,0,0,0,0,0,0,0,0,0,0,0,"Caudovirales","Siphoviridae","Pahexavirus","Propionibacterium virus PAS50",NA,"Viruses;Siphoviridae;NA;Pahexavirus;Propionibacterium virus PAS50","Propionibacterium phage PAD20"
"Propionibacterium phage PAS50",0,0,0,0,0,0,2,0,0,0,0,0,0,0,0,0,0,0,0,0,0,0,0,0,NA,"Geminiviridae","Begomovirus","Sida golden mosaic Buckup virus",NA,"Viruses;Geminiviridae;NA;Begomovirus;Sida golden mosaic Buckup virus","Propionibacterium phage PAS50"
"Propionibacterium phage Procrass1",0,0,0,0,0,0,2,0,0,0,0,0,0,0,0,0,0,0,0,0,0,0,0,0,"Caudovirales","Siphoviridae","Pahexavirus","Propionibacterium virus P104A",NA,"Viruses;Siphoviridae;NA;Pahexavirus;Propionibacterium virus P104A","Propionibacterium phage Procrass1"
"Sida golden mosaic Buckup virus-[Jamaica:St. Elizabeth:2004]",0,0,0,0,0,0,2,0,0,0,0,0,0,0,0,0,0,0,0,0,0,0,0,0,"Caudovirales","Siphoviridae","Pahexavirus","Propionibacterium virus Procrass1",NA,"Viruses;Siphoviridae;NA;Pahexavirus;Propionibacterium virus Procrass1","Sida golden mosaic Buckup virus-[Jamaica:St. Elizabeth:2004]"
"Human papillomavirus type 209",0,0,0,0,0,0,0,14722,0,0,0,0,0,0,0,0,0,0,0,0,0,0,0,0,NA,"Papillomaviridae","Betapapillomavirus","Betapapillomavirus 2","Firstpapillomavirinae","Viruses;Papillomaviridae;Firstpapillomavirinae;Betapapillomavirus;Betapapillomavirus 2","Human papillomavirus type 209"
"Human papillomavirus 80",0,0,0,0,0,0,0,2184,0,0,0,0,0,0,0,0,0,0,0,0,0,0,0,0,NA,"Papillomaviridae","Betapapillomavirus","Betapapillomavirus 2","Firstpapillomavirinae","Viruses;Papillomaviridae;Firstpapillomavirinae;Betapapillomavirus;Betapapillomavirus 2","Human papillomavirus 80"
"Human papillomavirus 122",0,0,0,0,0,2,0,141,0,0,0,0,0,0,0,0,0,0,0,0,0,434,0,0,NA,"Papillomaviridae","Betapapillomavirus","Betapapillomavirus 2","Firstpapillomavirinae","Viruses;Papillomaviridae;Firstpapillomavirinae;Betapapillomavirus;Betapapillomavirus 2","Human papillomavirus 122"
"Human papillomavirus 113",0,0,0,0,0,0,0,101,0,1268,0,0,0,0,0,0,0,0,0,0,0,0,0,0,NA,"Papillomaviridae","Betapapillomavirus","Betapapillomavirus 2","Firstpapillomavirinae","Viruses;Papillomaviridae;Firstpapillomavirinae;Betapapillomavirus;Betapapillomavirus 2","Human papillomavirus 113"
"Human papillomavirus 155",0,0,0,0,0,0,0,4,0,0,0,0,0,0,0,0,0,0,0,0,0,0,0,0,NA,"Papillomaviridae","Alphapapillomavirus","Alphapapillomavirus 7","Firstpapillomavirinae","Viruses;Papillomaviridae;Firstpapillomavirinae;Alphapapillomavirus;Alphapapillomavirus 7","Human papillomavirus 155"
"Human papillomavirus type 39",0,0,0,0,0,18263,0,4,0,0,0,0,0,0,0,0,0,0,0,0,0,0,0,0,NA,"Papillomaviridae","Gammapapillomavirus","Gammapapillomavirus 7","Firstpapillomavirinae","Viruses;Papillomaviridae;Firstpapillomavirinae;Gammapapillomavirus;Gammapapillomavirus 7","Human papillomavirus type 39"
"Siphovirus contig89",0,0,0,0,0,0,0,4,0,0,0,0,0,0,0,0,0,0,0,0,0,0,0,0,"Caudovirales","Siphoviridae",NA,"Siphovirus contig89",NA,"Viruses;Siphoviridae;NA;NA;Siphovirus contig89","Siphovirus contig89"
"Feline papillomavirus type 2",0,0,0,0,0,0,0,3,0,0,0,0,0,0,0,0,0,0,0,0,0,0,0,0,NA,"Papillomaviridae","Dyothetapapillomavirus","Dyothetapapillomavirus 1","Firstpapillomavirinae","Viruses;Papillomaviridae;Firstpapillomavirinae;Dyothetapapillomavirus;Dyothetapapillomavirus 1","Feline papillomavirus type 2"
"Genomoviridae sp.",0,0,0,0,0,0,0,2,0,0,0,18,0,0,0,0,0,0,0,0,0,0,0,0,NA,"Genomoviridae",NA,"Genomoviridae sp.",NA,"Viruses;Genomoviridae;NA;NA;Genomoviridae sp.","Genomoviridae sp."
"Human papillomavirus 175",0,0,0,0,0,0,0,0,0,2887,0,0,0,0,0,0,0,0,0,0,0,0,0,0,NA,"Papillomaviridae","Gammapapillomavirus","Gammapapillomavirus 23","Firstpapillomavirinae","Viruses;Papillomaviridae;Firstpapillomavirinae;Gammapapillomavirus;Gammapapillomavirus 23","Human papillomavirus 175"
"Gammapapillomavirus 8",0,0,0,0,0,0,0,0,0,73,0,0,0,0,0,0,0,0,0,0,0,0,0,0,NA,"Papillomaviridae","Gammapapillomavirus","Gammapapillomavirus 8","Firstpapillomavirinae","Viruses;Papillomaviridae;Firstpapillomavirinae;Gammapapillomavirus;Gammapapillomavirus 8","Gammapapillomavirus 8"
"Human papillomavirus 104",0,0,0,0,12,0,0,0,0,29,4,0,0,0,0,0,0,0,10,34,0,0,0,0,NA,"Papillomaviridae","Betapapillomavirus","Betapapillomavirus 2","Firstpapillomavirinae","Viruses;Papillomaviridae;Firstpapillomavirinae;Betapapillomavirus;Betapapillomavirus 2","Human papillomavirus 104"
"Human papillomavirus type 176",0,0,0,0,0,0,0,0,0,17,0,0,0,0,0,0,0,0,0,0,0,0,0,0,NA,"Papillomaviridae","Gammapapillomavirus","Gammapapillomavirus 8","Firstpapillomavirinae","Viruses;Papillomaviridae;Firstpapillomavirinae;Gammapapillomavirus;Gammapapillomavirus 8","Human papillomavirus type 176"
"Gammapapillomavirus 1",0,0,0,0,0,0,0,0,0,15,0,0,0,0,0,0,0,0,0,0,0,0,0,0,NA,"Papillomaviridae","Gammapapillomavirus","Gammapapillomavirus 1","Firstpapillomavirinae","Viruses;Papillomaviridae;Firstpapillomavirinae;Gammapapillomavirus;Gammapapillomavirus 1","Gammapapillomavirus 1"
"Lambdapapillomavirus 1",0,0,0,0,0,0,0,0,0,10,0,0,0,0,0,0,0,0,0,0,0,0,0,0,NA,"Papillomaviridae","Lambdapapillomavirus","Lambdapapillomavirus 1","Firstpapillomavirinae","Viruses;Papillomaviridae;Firstpapillomavirinae;Lambdapapillomavirus;Lambdapapillomavirus 1","Lambdapapillomavirus 1"
"Human papillomavirus FA75/KI88-03",0,0,0,0,6,0,0,0,0,5,0,0,0,0,0,0,0,0,4,32,0,0,0,0,NA,"Papillomaviridae","Betapapillomavirus","Betapapillomavirus 2","Firstpapillomavirinae","Viruses;Papillomaviridae;Firstpapillomavirinae;Betapapillomavirus;Betapapillomavirus 2","Human papillomavirus FA75/KI88-03"
"Human papillomavirus 202",0,0,0,0,0,0,0,0,0,0,20,10498,0,0,0,0,0,0,0,0,0,0,0,0,NA,"Papillomaviridae","Gammapapillomavirus","Gammapapillomavirus 11","Firstpapillomavirinae","Viruses;Papillomaviridae;Firstpapillomavirinae;Gammapapillomavirus;Gammapapillomavirus 11","Human papillomavirus 202"
"Human papillomavirus 149",0,0,0,0,0,0,0,0,0,0,0,925,0,0,0,0,0,0,0,0,0,0,0,0,NA,"Papillomaviridae","Gammapapillomavirus","Gammapapillomavirus 7","Firstpapillomavirinae","Viruses;Papillomaviridae;Firstpapillomavirinae;Gammapapillomavirus;Gammapapillomavirus 7","Human papillomavirus 149"
"Capybara genomovirus 12",0,0,0,0,0,0,0,0,0,0,0,276,0,0,0,0,0,0,0,0,0,0,0,0,NA,"Genomoviridae",NA,"Capybara genomovirus 12",NA,"Viruses;Genomoviridae;NA;NA;Capybara genomovirus 12","Capybara genomovirus 12"
"Human papillomavirus 140",0,0,0,0,0,0,0,0,0,0,0,175,0,0,0,0,0,0,0,0,0,0,0,0,NA,"Papillomaviridae","Gammapapillomavirus","Gammapapillomavirus 11","Firstpapillomavirinae","Viruses;Papillomaviridae;Firstpapillomavirinae;Gammapapillomavirus;Gammapapillomavirus 11","Human papillomavirus 140"
"Plant associated genomovirus 10",0,0,0,0,0,0,0,0,0,0,0,7,0,0,0,0,0,0,0,0,0,0,0,0,NA,"Genomoviridae",NA,"Plant associated genomovirus 10",NA,"Viruses;Genomoviridae;NA;NA;Plant associated genomovirus 10","Plant associated genomovirus 10"
"Acinetobacter phage AbKT21phiIII",0,0,0,0,0,0,0,0,0,0,0,4,0,0,0,0,0,0,0,0,0,0,0,0,"Caudovirales","Siphoviridae","Skunavirus","Lactococcus phage 936 group phage PhiF0139",NA,"Viruses;Siphoviridae;NA;Skunavirus;Lactococcus phage 936 group phage PhiF0139","Acinetobacter phage AbKT21phiIII"
"Fly associated circular virus 2",0,0,0,0,0,0,0,0,0,0,0,4,0,0,0,0,0,0,0,0,0,0,0,0,NA,"Genomoviridae",NA,"Fly associated circular virus 2",NA,"Viruses;Genomoviridae;NA;NA;Fly associated circular virus 2","Fly associated circular virus 2"
"Lactococcus phage 936 group phage PhiF0139",0,0,0,0,0,0,0,0,0,0,0,4,0,0,0,0,0,0,0,0,0,0,0,0,"Caudovirales","Autographiviridae","Friunavirus","Acinetobacter phage AbKT21phiIII","Beijerinckvirinae","Viruses;Autographiviridae;Beijerinckvirinae;Friunavirus;Acinetobacter phage AbKT21phiIII","Lactococcus phage 936 group phage PhiF0139"
"Acinetobacter phage TAC1",0,0,0,0,0,0,0,0,2,0,0,2,0,0,0,0,0,0,0,0,0,0,0,0,NA,NA,NA,"uncultured marine virus",NA,"Viruses;NA;NA;NA;uncultured marine virus","Acinetobacter phage TAC1"
"Porcine feces-associated gemycircularvirus",0,0,0,0,0,0,0,0,0,0,0,2,0,0,0,0,0,0,0,0,0,0,0,0,NA,"Genomoviridae","Gemycircularvirus","Porcine feces-associated gemycircularvirus",NA,"Viruses;Genomoviridae;NA;Gemycircularvirus;Porcine feces-associated gemycircularvirus","Porcine feces-associated gemycircularvirus"
"uncultured marine virus",0,0,0,0,0,0,0,0,0,0,0,2,0,0,0,0,0,0,0,0,0,0,0,0,"Caudovirales","Myoviridae",NA,"Acinetobacter phage TAC1",NA,"Viruses;Myoviridae;NA;NA;Acinetobacter phage TAC1","uncultured marine virus"
"Escherichia phage vB_EcoM_G4507",0,0,0,0,0,0,0,0,0,0,0,0,7,0,0,0,0,0,0,0,0,2,0,0,"Caudovirales","Myoviridae","Tequatrovirus","Escherichia phage vB_EcoM_G4507","Tevenvirinae","Viruses;Myoviridae;Tevenvirinae;Tequatrovirus;Escherichia phage vB_EcoM_G4507","Escherichia phage vB_EcoM_G4507"
"Human papillomavirus type 128",0,0,0,0,0,0,0,0,0,0,0,0,4,0,0,0,0,0,0,0,0,10,0,0,NA,"Papillomaviridae","Gammapapillomavirus","Gammapapillomavirus 13","Firstpapillomavirinae","Viruses;Papillomaviridae;Firstpapillomavirinae;Gammapapillomavirus;Gammapapillomavirus 13","Human papillomavirus type 128"
"Human papillomavirus 23",0,0,0,0,0,0,0,0,0,0,0,0,0,0,0,60,0,167,0,0,0,37,0,0,NA,"Papillomaviridae","Betapapillomavirus","Betapapillomavirus 2","Firstpapillomavirinae","Viruses;Papillomaviridae;Firstpapillomavirinae;Betapapillomavirus;Betapapillomavirus 2","Human papillomavirus 23"
"Cyclovirus ZM32",0,0,0,0,0,0,0,0,0,0,0,0,0,0,0,34,0,0,0,0,0,313,0,0,NA,"Circoviridae","Cyclovirus","Human associated cyclovirus 8",NA,"Viruses;Circoviridae;NA;Cyclovirus;Human associated cyclovirus 8","Cyclovirus ZM32"
"Cyclovirus ZM50a",0,0,0,0,0,0,0,0,0,0,0,0,0,0,0,16,0,0,0,0,0,370,0,0,NA,"Circoviridae","Cyclovirus","Human associated cyclovirus 8",NA,"Viruses;Circoviridae;NA;Cyclovirus;Human associated cyclovirus 8","Cyclovirus ZM50a"
"Streptococcus phage Javan348",0,0,0,0,0,0,0,0,0,0,0,0,0,0,0,13,0,0,0,0,0,0,0,0,"Caudovirales","Siphoviridae",NA,"Streptococcus phage Javan348",NA,"Viruses;Siphoviridae;NA;NA;Streptococcus phage Javan348","Streptococcus phage Javan348"
"Streptococcus phage Javan340",0,0,0,0,0,0,0,0,0,0,0,0,0,0,0,12,0,0,0,0,0,0,0,0,"Caudovirales","Siphoviridae",NA,"Streptococcus phage Javan340",NA,"Viruses;Siphoviridae;NA;NA;Streptococcus phage Javan340","Streptococcus phage Javan340"
"Streptococcus phage Javan366",0,0,0,0,0,0,0,0,0,0,0,0,0,0,0,10,0,0,0,0,0,0,0,0,"Caudovirales","Siphoviridae",NA,"Streptococcus phage Javan366",NA,"Viruses;Siphoviridae;NA;NA;Streptococcus phage Javan366","Streptococcus phage Javan366"
"Inoviridae sp.",0,0,0,0,0,0,0,0,0,0,0,0,0,0,0,8,0,0,0,0,0,0,0,0,NA,"Circoviridae","Cyclovirus","Human associated cyclovirus 8",NA,"Viruses;Circoviridae;NA;Cyclovirus;Human associated cyclovirus 8","Inoviridae sp."
"Swine cyclovirus",0,0,0,0,0,0,0,0,0,0,0,0,0,0,0,8,0,0,0,0,0,0,0,0,"Tubulavirales","Inoviridae",NA,"Inoviridae sp.",NA,"Viruses;Inoviridae;NA;NA;Inoviridae sp.","Swine cyclovirus"
"Human cyclovirus VN-like",0,0,0,0,0,0,0,0,0,0,0,0,0,0,0,7,0,0,0,0,0,32,0,0,NA,"Circoviridae","Cyclovirus","Human associated cyclovirus 8",NA,"Viruses;Circoviridae;NA;Cyclovirus;Human associated cyclovirus 8","Human cyclovirus VN-like"
"Cyclovirus ZM41",0,0,0,0,0,0,0,0,0,0,0,0,0,0,0,5,0,0,0,0,0,10,0,0,NA,"Circoviridae","Cyclovirus","Human associated cyclovirus 8",NA,"Viruses;Circoviridae;NA;Cyclovirus;Human associated cyclovirus 8","Cyclovirus ZM41"
"Human papillomavirus 77",0,0,0,0,0,0,0,0,0,0,0,0,0,0,0,4,0,0,0,0,0,0,0,0,NA,"Papillomaviridae","Alphapapillomavirus","Alphapapillomavirus 2","Firstpapillomavirinae","Viruses;Papillomaviridae;Firstpapillomavirinae;Alphapapillomavirus;Alphapapillomavirus 2","Human papillomavirus 77"
"Human immunodeficiency virus 1",0,0,0,0,0,0,0,0,0,0,5,0,0,0,0,0,4,0,0,0,0,0,0,0,"Ortervirales","Retroviridae","Lentivirus","Human immunodeficiency virus 1","Orthoretrovirinae","Viruses;Retroviridae;Orthoretrovirinae;Lentivirus;Human immunodeficiency virus 1","Human immunodeficiency virus 1"
"Giant panda associated gemycircularvirus",0,0,0,0,0,0,0,0,0,0,0,0,0,0,0,0,2,0,0,0,0,0,0,0,NA,"Polyomaviridae","Deltapolyomavirus","Human polyomavirus 7",NA,"Viruses;Polyomaviridae;NA;Deltapolyomavirus;Human polyomavirus 7","Giant panda associated gemycircularvirus"
"Human polyomavirus 7",0,0,0,0,0,0,0,0,0,0,0,0,0,0,0,0,2,0,0,0,0,0,0,0,NA,"Genomoviridae","Gemycircularvirus","Giant panda associated gemycircularvirus",NA,"Viruses;Genomoviridae;NA;Gemycircularvirus;Giant panda associated gemycircularvirus","Human polyomavirus 7"
"Lepus americanus faeces associated genomovirus SHP216",0,0,0,0,0,0,0,0,0,0,0,0,0,0,0,0,2,0,0,0,0,0,0,0,NA,"Genomoviridae",NA,"Lepus americanus faeces associated genomovirus SHP216",NA,"Viruses;Genomoviridae;NA;NA;Lepus americanus faeces associated genomovirus SHP216","Lepus americanus faeces associated genomovirus SHP216"
"Anelloviridae sp.",0,0,0,0,0,0,0,0,0,0,0,0,0,0,0,0,0,0,0,0,1398,0,0,0,NA,"Anelloviridae",NA,"Anelloviridae sp.",NA,"Viruses;Anelloviridae;NA;NA;Anelloviridae sp.","Anelloviridae sp."
"TT virus sle2556",0,0,0,0,0,0,0,0,0,0,0,0,0,0,0,0,0,0,0,0,35,0,0,0,NA,"Anelloviridae",NA,"Torque teno virus",NA,"Viruses;Anelloviridae;NA;NA;Torque teno virus","TT virus sle2556"
"Gammapapillomavirus 7",0,0,0,0,0,0,0,0,0,0,0,0,0,0,0,0,0,0,0,0,4,0,0,0,NA,"Papillomaviridae","Gammapapillomavirus","Gammapapillomavirus 7","Firstpapillomavirinae","Viruses;Papillomaviridae;Firstpapillomavirinae;Gammapapillomavirus;Gammapapillomavirus 7","Gammapapillomavirus 7"
"TT virus sle2552",0,0,0,0,0,0,0,0,0,0,0,0,0,0,0,0,0,0,0,0,3,0,0,0,NA,"Anelloviridae",NA,"Torque teno virus",NA,"Viruses;Anelloviridae;NA;NA;Torque teno virus","TT virus sle2552"
"Human cytomegalovirus",0,0,0,0,0,0,0,0,0,0,0,0,0,0,0,0,0,0,0,0,2,0,0,0,"Herpesvirales","Herpesviridae","Cytomegalovirus","Human betaherpesvirus 5","Betaherpesvirinae","Viruses;Herpesviridae;Betaherpesvirinae;Cytomegalovirus;Human betaherpesvirus 5","Human cytomegalovirus"
"TT virus sle2550",0,0,0,0,0,0,0,0,0,0,0,0,0,0,0,0,0,0,0,0,2,0,0,0,NA,"Anelloviridae",NA,"Torque teno virus",NA,"Viruses;Anelloviridae;NA;NA;Torque teno virus","TT virus sle2550"
"Human papillomavirus 9",0,0,0,0,0,0,0,0,0,0,0,0,0,0,2,0,0,0,0,0,0,1489,0,0,NA,"Papillomaviridae","Betapapillomavirus","Betapapillomavirus 2","Firstpapillomavirinae","Viruses;Papillomaviridae;Firstpapillomavirinae;Betapapillomavirus;Betapapillomavirus 2","Human papillomavirus 9"
"Human papillomavirus 173",0,0,0,0,0,0,0,0,0,0,0,0,0,0,0,0,0,0,0,0,0,969,0,0,NA,"Papillomaviridae","Gammapapillomavirus","Gammapapillomavirus 1","Firstpapillomavirinae","Viruses;Papillomaviridae;Firstpapillomavirinae;Gammapapillomavirus;Gammapapillomavirus 1","Human papillomavirus 173"
"Human polyomavirus 3",0,0,0,0,0,0,0,0,0,0,0,0,0,0,0,0,0,0,0,0,0,90,0,0,NA,"Polyomaviridae","Betapolyomavirus","Human polyomavirus 3",NA,"Viruses;Polyomaviridae;NA;Betapolyomavirus;Human polyomavirus 3","Human polyomavirus 3"
"Human papillomavirus type 147",0,0,0,0,0,0,0,0,0,0,0,0,0,0,0,0,0,0,0,0,0,85,0,0,NA,"Papillomaviridae","Gammapapillomavirus","Gammapapillomavirus 8","Firstpapillomavirinae","Viruses;Papillomaviridae;Firstpapillomavirinae;Gammapapillomavirus;Gammapapillomavirus 8","Human papillomavirus type 147"
"Human papillomavirus 205",0,0,0,0,0,0,0,0,0,0,0,0,0,0,0,0,0,0,0,0,0,71,0,0,NA,"Papillomaviridae","Gammapapillomavirus","Gammapapillomavirus 1","Firstpapillomavirinae","Viruses;Papillomaviridae;Firstpapillomavirinae;Gammapapillomavirus;Gammapapillomavirus 1","Human papillomavirus 205"
"Cyclovirus ZM38",0,0,0,0,0,0,0,0,0,0,0,0,0,0,0,0,0,0,0,0,0,52,0,0,NA,"Circoviridae","Cyclovirus","Human associated cyclovirus 8",NA,"Viruses;Circoviridae;NA;Cyclovirus;Human associated cyclovirus 8","Cyclovirus ZM38"
"Cyclovirus ZM62",0,0,0,0,0,0,0,0,0,0,0,0,0,0,0,0,0,0,0,0,0,39,0,0,NA,"Circoviridae","Cyclovirus","Human associated cyclovirus 8",NA,"Viruses;Circoviridae;NA;Cyclovirus;Human associated cyclovirus 8","Cyclovirus ZM62"
"Human polyomavirus 1",0,0,0,0,0,0,0,0,0,0,0,0,0,0,0,0,0,0,0,0,0,37,0,0,NA,"Polyomaviridae","Betapolyomavirus","Human polyomavirus 1",NA,"Viruses;Polyomaviridae;NA;Betapolyomavirus;Human polyomavirus 1","Human polyomavirus 1"
"Human papillomavirus 111",0,0,0,0,0,0,0,0,0,0,0,0,0,0,0,0,0,0,0,0,0,0,0,966,NA,"Papillomaviridae","Betapapillomavirus","Betapapillomavirus 2","Firstpapillomavirinae","Viruses;Papillomaviridae;Firstpapillomavirinae;Betapapillomavirus;Betapapillomavirus 2","Human papillomavirus 111"
"Human papillomavirus type 129",0,0,0,0,0,0,0,0,0,0,0,0,0,0,0,0,0,0,0,0,0,0,0,23,NA,"Papillomaviridae","Gammapapillomavirus","Gammapapillomavirus 9","Firstpapillomavirinae","Viruses;Papillomaviridae;Firstpapillomavirinae;Gammapapillomavirus;Gammapapillomavirus 9","Human papillomavirus type 129"
"Canis familiaris papillomavirus 4",0,0,0,0,0,0,0,0,0,0,0,0,0,0,0,0,0,0,0,0,0,0,0,7,NA,"Papillomaviridae","Chipapillomavirus","Chipapillomavirus 2","Firstpapillomavirinae","Viruses;Papillomaviridae;Firstpapillomavirinae;Chipapillomavirus;Chipapillomavirus 2","Canis familiaris papillomavirus 4"
"Human betapapillomavirus",0,0,0,0,0,0,0,0,0,0,0,0,0,0,0,0,0,0,0,0,0,0,0,6,NA,"Papillomaviridae","Betapapillomavirus","Human betapapillomavirus","Firstpapillomavirinae","Viruses;Papillomaviridae;Firstpapillomavirinae;Betapapillomavirus;Human betapapillomavirus","Human betapapillomavirus"
"Human papillomavirus type 12",0,0,0,0,0,0,0,0,0,0,0,0,0,0,0,0,0,0,0,0,0,0,0,2,NA,"Papillomaviridae","Betapapillomavirus","Betapapillomavirus 1","Firstpapillomavirinae","Viruses;Papillomaviridae;Firstpapillomavirinae;Betapapillomavirus;Betapapillomavirus 1","Human papillomavirus type 12"
"Pseudomonas virus H66",0,0,0,0,0,0,0,0,0,0,0,0,0,0,0,0,0,0,0,0,0,0,0,2,"Caudovirales","Podoviridae","Hollowayvirus","Pseudomonas virus H66",NA,"Viruses;Podoviridae;NA;Hollowayvirus;Pseudomonas virus H66","Pseudomonas virus H66"
"Streptococcus virus MS1",0,0,0,0,0,0,0,0,0,0,0,0,0,0,0,0,0,0,0,0,0,0,0,2,"Caudovirales","Siphoviridae",NA,"Streptococcus virus MS1",NA,"Viruses;Siphoviridae;NA;NA;Streptococcus virus MS1","Streptococcus virus MS1"
"Acinetobacter virus 133",0,0,0,0,0,0,0,0,0,0,0,0,0,0,9,0,0,0,0,0,0,0,0,0,NA,"Papillomaviridae","Alphapapillomavirus","Alphapapillomavirus 10","Firstpapillomavirinae","Viruses;Papillomaviridae;Firstpapillomavirinae;Alphapapillomavirus;Alphapapillomavirus 10","Acinetobacter virus 133"
"Corynebacterium phage IME1320_01",0,0,2,0,0,0,0,0,0,0,0,0,0,0,3,0,0,0,0,0,0,0,0,0,NA,"Papillomaviridae","Alphapapillomavirus","Alphapapillomavirus 1","Firstpapillomavirinae","Viruses;Papillomaviridae;Firstpapillomavirinae;Alphapapillomavirus;Alphapapillomavirus 1","Corynebacterium phage IME1320_01"
"Human papillomavirus 126",0,0,0,0,0,0,0,0,0,0,16,0,0,0,0,0,0,0,0,0,0,0,0,0,NA,"Papillomaviridae","Alphapapillomavirus","Alphapapillomavirus 10","Firstpapillomavirinae","Viruses;Papillomaviridae;Firstpapillomavirinae;Alphapapillomavirus;Alphapapillomavirus 10","Human papillomavirus 126"
"Human papillomavirus 136",0,0,0,0,0,0,0,0,0,0,148,0,0,0,0,0,0,0,0,0,0,0,0,0,NA,"Papillomaviridae","Alphapapillomavirus","Alphapapillomavirus 6","Firstpapillomavirinae","Viruses;Papillomaviridae;Firstpapillomavirinae;Alphapapillomavirus;Alphapapillomavirus 6","Human papillomavirus 136"
"Human papillomavirus 154",0,0,0,0,0,0,0,0,0,0,13,0,0,0,0,0,0,0,0,0,0,0,0,0,NA,"Papillomaviridae","Betapapillomavirus","Betapapillomavirus 2","Firstpapillomavirinae","Viruses;Papillomaviridae;Firstpapillomavirinae;Betapapillomavirus;Betapapillomavirus 2","Human papillomavirus 154"
"Human papillomavirus 17",0,0,0,0,0,0,0,0,0,0,0,0,0,0,0,0,0,0,3,0,0,0,0,0,NA,"Polyomaviridae","Betapolyomavirus","Human polyomavirus 2",NA,"Viruses;Polyomaviridae;NA;Betapolyomavirus;Human polyomavirus 2","Human papillomavirus 17"
"Human papillomavirus 98",0,0,0,0,9875,0,0,0,0,0,0,0,0,0,22,0,0,0,0,0,0,0,0,0,NA,"Papillomaviridae","Betapapillomavirus","Betapapillomavirus 1","Firstpapillomavirinae","Viruses;Papillomaviridae;Firstpapillomavirinae;Betapapillomavirus;Betapapillomavirus 1","Human papillomavirus 98"
"Human papillomavirus 99",0,0,0,0,0,0,0,0,0,0,352,0,0,0,0,0,0,0,0,0,0,0,0,0,NA,"Papillomaviridae","Alphapapillomavirus","Alphapapillomavirus 10","Firstpapillomavirinae","Viruses;Papillomaviridae;Firstpapillomavirinae;Alphapapillomavirus;Alphapapillomavirus 10","Human papillomavirus 99"
"Human papillomavirus type 11",0,2,0,0,0,0,0,0,0,0,0,0,0,0,0,0,0,0,0,0,0,0,0,0,NA,NA,NA,"Bacteriophage sp.",NA,"Viruses;NA;NA;NA;Bacteriophage sp.","Human papillomavirus type 11"
"Human papillomavirus type 150",0,0,0,0,2922,0,0,0,0,0,0,0,0,0,0,0,0,0,0,0,0,0,16,0,NA,"Papillomaviridae","Alphapapillomavirus","Alphapapillomavirus 7","Firstpapillomavirinae","Viruses;Papillomaviridae;Firstpapillomavirinae;Alphapapillomavirus;Alphapapillomavirus 7","Human papillomavirus type 150"
"Human papillomavirus type 185",0,0,0,0,0,0,0,0,0,0,5,0,0,0,0,0,0,0,0,0,0,0,0,0,NA,"Flaviviridae","Flavivirus","Zika virus",NA,"Viruses;Flaviviridae;NA;Flavivirus;Zika virus","Human papillomavirus type 185"
"Human papillomavirus type 21",0,0,0,0,2,0,0,0,0,0,0,0,0,0,0,0,0,0,0,0,0,0,0,0,NA,"Papillomaviridae","Betapapillomavirus","Betapapillomavirus 5","Firstpapillomavirinae","Viruses;Papillomaviridae;Firstpapillomavirinae;Betapapillomavirus;Betapapillomavirus 5","Human papillomavirus type 21"
"Human papillomavirus type 42",0,0,0,0,0,0,0,0,0,0,0,0,0,0,4,0,0,0,0,0,0,0,0,0,"Caudovirales","Myoviridae",NA,"Acinetobacter virus 133","Tevenvirinae","Viruses;Myoviridae;Tevenvirinae;NA;Acinetobacter virus 133","Human papillomavirus type 42"
"Human papillomavirus type 44",0,0,0,0,0,0,0,0,0,0,0,0,0,2,0,0,0,0,0,0,0,0,0,0,NA,"Papillomaviridae","Betapapillomavirus","Betapapillomavirus 1","Firstpapillomavirinae","Viruses;Papillomaviridae;Firstpapillomavirinae;Betapapillomavirus;Betapapillomavirus 1","Human papillomavirus type 44"
"Human papillomavirus type 56",0,0,0,0,0,7581,0,0,0,0,0,0,0,0,0,0,0,0,0,0,0,0,0,0,NA,"Papillomaviridae","Betapapillomavirus","Betapapillomavirus 1","Firstpapillomavirinae","Viruses;Papillomaviridae;Firstpapillomavirinae;Betapapillomavirus;Betapapillomavirus 1","Human papillomavirus type 56"
"Human papillomavirus type 6",0,19,0,0,0,0,0,0,0,0,0,0,0,0,0,0,0,0,0,0,0,0,0,0,NA,"Papillomaviridae","Betapapillomavirus","Betapapillomavirus 5","Firstpapillomavirinae","Viruses;Papillomaviridae;Firstpapillomavirinae;Betapapillomavirus;Betapapillomavirus 5","Human papillomavirus type 6"
"Human papillomavirus type 68",0,0,0,0,0,0,0,0,0,0,0,0,0,2,0,0,0,0,0,0,0,0,0,0,NA,"Papillomaviridae","Betapapillomavirus","Betapapillomavirus 1","Firstpapillomavirinae","Viruses;Papillomaviridae;Firstpapillomavirinae;Betapapillomavirus;Betapapillomavirus 1","Human papillomavirus type 68"
"Human papillomavirus type 96",0,0,0,0,0,0,0,0,0,0,154,0,0,0,0,0,0,0,0,0,0,0,0,0,NA,"Papillomaviridae","Gammapapillomavirus","Gammapapillomavirus 11","Firstpapillomavirinae","Viruses;Papillomaviridae;Firstpapillomavirinae;Gammapapillomavirus;Gammapapillomavirus 11","Human papillomavirus type 96"
"Human papillomavirus V001/Slovenia/2010",0,0,0,0,0,0,0,0,0,0,18,0,0,0,0,0,0,0,0,0,0,0,0,0,NA,"Papillomaviridae","Gammapapillomavirus","Gammapapillomavirus 11","Firstpapillomavirinae","Viruses;Papillomaviridae;Firstpapillomavirinae;Gammapapillomavirus;Gammapapillomavirus 11","Human papillomavirus V001/Slovenia/2010"
"JC polyomavirus",0,0,0,0,0,0,0,0,0,0,0,0,0,4,0,0,0,0,0,0,0,0,0,0,NA,"Papillomaviridae","Gammapapillomavirus","Gammapapillomavirus 11","Firstpapillomavirinae","Viruses;Papillomaviridae;Firstpapillomavirinae;Gammapapillomavirus;Gammapapillomavirus 11","JC polyomavirus"
"Sewage-associated gemycircularvirus-10a",0,0,0,0,3,0,0,0,0,0,0,0,0,0,0,0,0,0,0,0,0,0,0,0,"Caudovirales","Siphoviridae","Phietavirus","Staphylococcus virus IPLA7",NA,"Viruses;Siphoviridae;NA;Phietavirus;Staphylococcus virus IPLA7","Sewage-associated gemycircularvirus-10a"
"Staphylococcus phage Quidividi",0,0,0,0,2,0,0,0,0,0,0,0,0,0,0,0,0,0,0,0,0,0,0,0,NA,"Genomoviridae","Gemykibivirus","Human associated gemykibivirus 1",NA,"Viruses;Genomoviridae;NA;Gemykibivirus;Human associated gemykibivirus 1","Staphylococcus phage Quidividi"
"Staphylococcus virus IPLA7",0,0,0,0,9,0,0,0,0,0,0,0,0,0,0,0,0,0,0,0,0,0,0,0,NA,"Papillomaviridae","Betapapillomavirus","Betapapillomavirus 5","Firstpapillomavirinae","Viruses;Papillomaviridae;Firstpapillomavirinae;Betapapillomavirus;Betapapillomavirus 5","Staphylococcus virus IPLA7"
"Streptococcus phage SW27",0,0,0,0,0,22,0,0,0,0,0,0,0,2,0,0,0,0,0,0,0,0,0,0,"Caudovirales","Siphoviridae",NA,"Corynebacterium phage IME1320_01",NA,"Viruses;Siphoviridae;NA;NA;Corynebacterium phage IME1320_01","Streptococcus phage SW27"
"unidentified phage",0,0,0,0,2,0,0,0,2,0,0,0,0,4,0,0,0,0,0,0,0,0,0,0,"Caudovirales","Herelleviridae","Sepunavirus","Staphylococcus phage Quidividi","Twortvirinae","Viruses;Herelleviridae;Twortvirinae;Sepunavirus;Staphylococcus phage Quidividi","unidentified phage"
"Zika virus",0,0,0,0,0,0,0,0,0,0,0,0,0,0,0,0,0,0,0,0,0,0,6,0,"Caudovirales","Siphoviridae",NA,"Streptococcus phage SW27",NA,"Viruses;Siphoviridae;NA;NA;Streptococcus phage SW27","Zika virus"
